Device ID, Latitude, Longitude, Installation Type, Connection, Minimum Value in Measurement Range
10052,44.9000000000,97.0000000000,1 - Separate,1 - Common neutral of a 3-phase transformer,0.1000000000
10094,41.9000000000,72.5000000000,1 - Separate,2 - Common neutral of three (3) single-phase transformers,0.0200000000
10095,41.7000000000,72.2000000000,1 - Separate,1 - Common neutral of a 3-phase transformer,0.1000000000
10096,41.8000000000,72.6000000000,1 - Separate,1 - Common neutral of a 3-phase transformer,0.1000000000
10097,41.4000000000,72.1000000000,1 - Separate,1 - Common neutral of a 3-phase transformer,0.0200000000
10098,41.4000000000,72.1000000000,1 - Separate,1 - Common neutral of a 3-phase transformer,0.2000000000
10099,41.4000000000,73.4000000000,1 - Separate,1 - Common neutral of a 3-phase transformer,0.1000000000
10100,41.6000000000,72.9000000000,1 - Separate,1 - Common neutral of a 3-phase transformer,0.1000000000
10103,38.6000000000,121.3000000000,1 - Separate,2 - Common neutral of three (3) single-phase transformers,0.0100000000
10222,40.2000000000,75.3000000000,1 - Separate,2 - Common neutral of three (3) single-phase transformers,0.1000000000
10223,32.9000000000,115.7000000000,1 - Separate,1 - Common neutral of a 3-phase transformer,0.0100000000
10224,40.2000000000,75.3000000000,1 - Separate,2 - Common neutral of three (3) single-phase transformers,0.1000000000
10229,43.6000000000,92.7000000000,1 - Separate,1 - Common neutral of a 3-phase transformer,0.0100000000
10232,45.0000000000,92.8000000000,1 - Separate,1 - Common neutral of a 3-phase transformer,0.0100000000
10265,43.6000000000,116.3000000000,1 - Separate,1 - Common neutral of a 3-phase transformer,0.1000000000
10266,42.8000000000,114.4000000000,1 - Separate,2 - Common neutral of three (3) single-phase transformers,0.1000000000
10297,46.8000000000,92.3000000000,1 - Separate,1 - Common neutral of a 3-phase transformer,1.0000000000
10298,43.4000000000,88.0000000000,1 - Separate,1 - Common neutral of a 3-phase transformer,0.0100000000
10299,46.6000000000,87.4000000000,1 - Separate,1 - Common neutral of a 3-phase transformer,0.0100000000
10300,46.6000000000,87.4000000000,1 - Separate,1 - Common neutral of a 3-phase transformer,0.0100000000
10301,44.0000000000,88.6000000000,1 - Separate,1 - Common neutral of a 3-phase transformer,0.0100000000
10302,44.2000000000,88.1000000000,1 - Separate,1 - Common neutral of a 3-phase transformer,0.0100000000
10303,44.8000000000,89.7000000000,1 - Separate,1 - Common neutral of a 3-phase transformer,0.0100000000
10304,44.8000000000,89.7000000000,1 - Separate,1 - Common neutral of a 3-phase transformer,0.0100000000
10306,44.8000000000,88.2000000000,1 - Separate,1 - Common neutral of a 3-phase transformer,0.0100000000
10307,44.4000000000,88.4000000000,1 - Separate,1 - Common neutral of a 3-phase transformer,0.0100000000
10308,42.5000000000,89.1000000000,1 - Separate,1 - Common neutral of a 3-phase transformer,0.0100000000
10309,45.8000000000,88.0000000000,1 - Separate,1 - Common neutral of a 3-phase transformer,0.0100000000
10310,43.0000000000,89.0000000000,1 - Separate,1 - Common neutral of a 3-phase transformer,0.1000000000
10311,43.0000000000,89.0000000000,1 - Separate,1 - Common neutral of a 3-phase transformer,0.0100000000
10312,43.0000000000,89.0000000000,1 - Separate,1 - Common neutral of a 3-phase transformer,0.0100000000
10313,44.5000000000,89.6000000000,1 - Separate,1 - Common neutral of a 3-phase transformer,0.0100000000
10314,44.5000000000,89.6000000000,1 - Separate,1 - Common neutral of a 3-phase transformer,0.0100000000
10315,44.5000000000,89.6000000000,1 - Separate,1 - Common neutral of a 3-phase transformer,0.0100000000
10316,43.7000000000,88.5000000000,1 - Separate,1 - Common neutral of a 3-phase transformer,0.0100000000
10317,43.7000000000,88.5000000000,1 - Separate,1 - Common neutral of a 3-phase transformer,0.0100000000
10318,44.4000000000,88.7000000000,1 - Separate,1 - Common neutral of a 3-phase transformer,0.0100000000
10321,43.1000000000,88.0000000000,1 - Separate,1 - Common neutral of a 3-phase transformer,0.0100000000
10322,43.3000000000,89.4000000000,1 - Separate,1 - Common neutral of a 3-phase transformer,0.0100000000
10336,44.8000000000,91.5000000000,1 - Separate,1 - Common neutral of a 3-phase transformer,0.0100000000
10338,44.8000000000,91.5000000000,1 - Separate,1 - Common neutral of a 3-phase transformer,0.0100000000
10339,43.7000000000,95.7000000000,1 - Separate,1 - Common neutral of a 3-phase transformer,0.0100000000
10340,43.7000000000,95.7000000000,1 - Separate,1 - Common neutral of a 3-phase transformer,0.0100000000
10341,45.0000000000,93.5000000000,1 - Separate,2 - Common neutral of three (3) single-phase transformers,0.0100000000
10342,45.0000000000,93.5000000000,1 - Separate,2 - Common neutral of three (3) single-phase transformers,0.0100000000
10344,47.9000000000,97.1000000000,1 - Separate,1 - Common neutral of a 3-phase transformer,0.0100000000
10345,47.9000000000,97.1000000000,1 - Separate,1 - Common neutral of a 3-phase transformer,0.0100000000
10347,47.9000000000,97.1000000000,1 - Separate,1 - Common neutral of a 3-phase transformer,0.0100000000
10348,45.5000000000,94.3000000000,1 - Separate,1 - Common neutral of a 3-phase transformer,0.0100000000
10349,44.8000000000,93.6000000000,1 - Separate,1 - Common neutral of a 3-phase transformer,0.0100000000
10350,44.8000000000,93.6000000000,1 - Separate,1 - Common neutral of a 3-phase transformer,0.0100000000
10351,44.8000000000,93.6000000000,1 - Separate,1 - Common neutral of a 3-phase transformer,0.0100000000
10352,44.8000000000,93.6000000000,1 - Separate,1 - Common neutral of a 3-phase transformer,0.0100000000
10353,45.4000000000,93.9000000000,1 - Separate,1 - Common neutral of a 3-phase transformer,0.0100000000
10354,45.9000000000,91.5000000000,1 - Separate,1 - Common neutral of a 3-phase transformer,0.0100000000
10355,44.2000000000,94.0000000000,1 - Separate,1 - Common neutral of a 3-phase transformer,0.0100000000
10356,44.2000000000,94.0000000000,1 - Separate,1 - Common neutral of a 3-phase transformer,0.0100000000
10358,38.7000000000,121.2000000000,1 - Separate,3 - Neutral of single-phase transformer,0.1000000000
10397,39.1000000000,78.3000000000,1 - Separate,1 - Common neutral of a 3-phase transformer,0.1000000000
10591,35.8000000000,106.1000000000,1 - Separate,1 - Common neutral of a 3-phase transformer,0.0100000000
10611,39.6000000000,92.6000000000,1 - Separate,1 - Common neutral of a 3-phase transformer,0.3400000000
10618,38.3000000000,86.2000000000,1 - Separate,1 - Common neutral of a 3-phase transformer,0.0100000000
10619,38.3000000000,86.2000000000,1 - Separate,1 - Common neutral of a 3-phase transformer,0.0100000000
10620,39.1000000000,87.5000000000,1 - Separate,1 - Common neutral of a 3-phase transformer,0.0100000000
10621,39.1000000000,87.5000000000,1 - Separate,1 - Common neutral of a 3-phase transformer,0.0100000000
10622,39.3000000000,86.5000000000,1 - Separate,1 - Common neutral of a 3-phase transformer,0.0100000000
10623,39.3000000000,86.5000000000,1 - Separate,1 - Common neutral of a 3-phase transformer,0.0100000000
10715,41.9000000000,72.8000000000,1 - Separate,2 - Common neutral of three (3) single-phase transformers,0.0200000000
10728,36.2000000000,86.4000000000,2 - Combined,2 - Common neutral of three (3) single-phase transformers,0.0300000000
10051,44.4000000000,96.5000000000,1 - Separate,1 - Common neutral of a 3-phase transformer,0.1000000000
10063,33.4000000000,112.5000000000,1 - Separate,2 - Common neutral of three (3) single-phase transformers,0.1000000000
10102,42.9000000000,71.3000000000,1 - Separate,1 - Common neutral of a 3-phase transformer,0.1000000000
10230,43.6000000000,92.7000000000,1 - Separate,1 - Common neutral of a 3-phase transformer,0.0100000000
10231,45.0000000000,92.8000000000,1 - Separate,1 - Common neutral of a 3-phase transformer,0.0100000000
10291,43.4000000000,72.7000000000,2 - Combined,1 - Common neutral of a 3-phase transformer,1.0000000000
10292,44.1000000000,72.5000000000,2 - Combined,1 - Common neutral of a 3-phase transformer,1.0000000000
10293,43.0000000000,72.7000000000,2 - Combined,1 - Common neutral of a 3-phase transformer,1.0000000000
10294,44.1000000000,73.2000000000,2 - Combined,1 - Common neutral of a 3-phase transformer,1.0000000000
10295,42.8000000000,72.5000000000,2 - Combined,1 - Common neutral of a 3-phase transformer,1.0000000000
10296,43.6000000000,73.1000000000,2 - Combined,1 - Common neutral of a 3-phase transformer,1.0000000000
10332,44.0000000000,91.3000000000,1 - Separate,1 - Common neutral of a 3-phase transformer,0.0100000000
10333,44.4000000000,96.5000000000,1 - Separate,1 - Common neutral of a 3-phase transformer,0.0100000000
10334,44.4000000000,96.5000000000,1 - Separate,1 - Common neutral of a 3-phase transformer,0.0100000000
10335,45.1000000000,93.5000000000,1 - Separate,1 - Common neutral of a 3-phase transformer,0.0100000000
10346,47.9000000000,97.1000000000,1 - Separate,1 - Common neutral of a 3-phase transformer,0.0100000000
10359,33.7000000000,111.9000000000,1 - Separate,1 - Common neutral of a 3-phase transformer,0.1000000000
10360,40.2000000000,75.3000000000,1 - Separate,2 - Common neutral of three (3) single-phase transformers,0.1000000000
10361,40.2000000000,75.3000000000,1 - Separate,2 - Common neutral of three (3) single-phase transformers,0.1000000000
10362,39.8000000000,76.3000000000,1 - Separate,2 - Common neutral of three (3) single-phase transformers,0.1000000000
10363,40.2000000000,75.6000000000,1 - Separate,1 - Common neutral of a 3-phase transformer,0.1000000000
10364,40.2000000000,75.6000000000,1 - Separate,1 - Common neutral of a 3-phase transformer,0.1000000000
10399,39.1000000000,78.3000000000,1 - Separate,1 - Common neutral of a 3-phase transformer,0.1000000000
10400,39.1000000000,78.3000000000,1 - Separate,1 - Common neutral of a 3-phase transformer,0.1000000000
10401,39.1000000000,78.3000000000,1 - Separate,1 - Common neutral of a 3-phase transformer,0.1000000000
10402,39.5000000000,78.9000000000,1 - Separate,1 - Common neutral of a 3-phase transformer,0.1000000000
10403,39.5000000000,78.9000000000,1 - Separate,2 - Common neutral of three (3) single-phase transformers,0.1000000000
10404,39.5000000000,77.9000000000,1 - Separate,1 - Common neutral of a 3-phase transformer,0.1000000000
10405,39.5000000000,77.9000000000,1 - Separate,1 - Common neutral of a 3-phase transformer,0.1000000000
10406,39.5000000000,77.9000000000,1 - Separate,1 - Common neutral of a 3-phase transformer,0.1000000000
10407,39.5000000000,77.9000000000,1 - Separate,1 - Common neutral of a 3-phase transformer,0.1000000000
10409,39.3000000000,77.5000000000,1 - Separate,1 - Common neutral of a 3-phase transformer,0.1000000000
10410,39.3000000000,77.5000000000,1 - Separate,1 - Common neutral of a 3-phase transformer,0.1000000000
10411,39.3000000000,77.5000000000,1 - Separate,1 - Common neutral of a 3-phase transformer,0.1000000000
10412,39.3000000000,77.5000000000,1 - Separate,1 - Common neutral of a 3-phase transformer,0.1000000000
10413,39.3000000000,77.5000000000,1 - Separate,1 - Common neutral of a 3-phase transformer,0.1000000000
10414,39.4000000000,77.4000000000,1 - Separate,2 - Common neutral of three (3) single-phase transformers,0.1000000000
10415,44.1000000000,103.2000000000,1 - Separate,1 - Common neutral of a 3-phase transformer,1.0000000000
10416,44.1000000000,103.2000000000,1 - Separate,1 - Common neutral of a 3-phase transformer,1.0000000000
10425,36.8000000000,78.7000000000,1 - Separate,2 - Common neutral of three (3) single-phase transformers,0.0100000000
10426,38.1000000000,78.8000000000,1 - Separate,2 - Common neutral of three (3) single-phase transformers,0.0100000000
10427,39.0000000000,77.5000000000,1 - Separate,2 - Common neutral of three (3) single-phase transformers,0.0100000000
10428,36.7000000000,76.5000000000,1 - Separate,2 - Common neutral of three (3) single-phase transformers,0.0100000000
10429,36.7000000000,76.3000000000,1 - Separate,2 - Common neutral of three (3) single-phase transformers,0.0100000000
10438,43.2000000000,75.2000000000,1 - Separate,2 - Common neutral of three (3) single-phase transformers,0.1000000000
10445,41.1000000000,74.2000000000,1 - Separate,1 - Common neutral of a 3-phase transformer,0.1000000000
10446,37.0000000000,121.0000000000,2 - Combined,1 - Common neutral of a 3-phase transformer,0.0100000000
10447,37.0000000000,121.0000000000,2 - Combined,1 - Common neutral of a 3-phase transformer,0.0100000000
10448,37.0000000000,120.0000000000,2 - Combined,1 - Common neutral of a 3-phase transformer,0.0100000000
10449,37.0000000000,120.0000000000,2 - Combined,1 - Common neutral of a 3-phase transformer,0.0100000000
10584,40.0000000000,104.0000000000,1 - Separate,1 - Common neutral of a 3-phase transformer,0.1000000000
10593,37.0000000000,84.5000000000,1 - Separate,1 - Common neutral of a 3-phase transformer,0.1000000000
10628,48.0000000000,66.4000000000,2 - Combined,1 - Common neutral of a 3-phase transformer,0.1000000000
10635,43.7000000000,87.7000000000,1 - Separate,1 - Common neutral of a 3-phase transformer,0.0100000000
10636,43.7000000000,87.7000000000,1 - Separate,1 - Common neutral of a 3-phase transformer,0.0100000000
10648,32.8000000000,115.5000000000,2 - Combined,1 - Common neutral of a 3-phase transformer,15.0000000000
10649,42.8000000000,74.0000000000,2 - Combined,1 - Common neutral of a 3-phase transformer,0.0100000000
10659,42.5000000000,87.9000000000,1 - Separate,1 - Common neutral of a 3-phase transformer,0.0100000000
10674,41.7000000000,72.6000000000,1 - Separate,1 - Common neutral of a 3-phase transformer,0.1000000000
10675,47.9000000000,65.9000000000,2 - Combined,1 - Common neutral of a 3-phase transformer,0.1000000000
10676,46.1000000000,66.8000000000,2 - Combined,1 - Common neutral of a 3-phase transformer,0.1000000000
10677,45.2000000000,66.2000000000,2 - Combined,1 - Common neutral of a 3-phase transformer,0.1000000000
10646,41.0000000000,81.6000000000,2 - Combined,1 - Common neutral of a 3-phase transformer,0.0300000000
10647,40.2000000000,74.5000000000,2 - Combined,1 - Common neutral of a 3-phase transformer,0.0300000000
10660,36.2000000000,88.6000000000,2 - Combined,5 - N/A,0.0100000000
10661,36.0000000000,87.9000000000,2 - Combined,5 - N/A,0.0100000000
10690,34.7000000000,86.8000000000,2 - Combined,2 - Common neutral of three (3) single-phase transformers,0.0300000000
10691,37.2000000000,86.9000000000,2 - Combined,2 - Common neutral of three (3) single-phase transformers,0.0300000000
10692,37.2000000000,86.9000000000,2 - Combined,2 - Common neutral of three (3) single-phase transformers,0.0300000000
10693,36.0000000000,84.1000000000,2 - Combined,2 - Common neutral of three (3) single-phase transformers,0.0300000000
10180,41.7000000000,73.8000000000,2 - Combined,5 - N/A,0.0300000000
10181,41.9000000000,74.0000000000,2 - Combined,2 - Common neutral of three (3) single-phase transformers,0.0300000000
10182,26.6000000000,98.5000000000,2 - Combined,1 - Common neutral of a 3-phase transformer,0.0100000000
10184,39.0000000000,78.2000000000,2 - Combined,1 - Common neutral of a 3-phase transformer,0.0300000000
10185,39.3000000000,81.3000000000,2 - Combined,2 - Common neutral of three (3) single-phase transformers,0.0300000000
10186,42.0000000000,80.0000000000,2 - Combined,1 - Common neutral of a 3-phase transformer,0.0300000000
10187,41.0000000000,81.6000000000,2 - Combined,1 - Common neutral of a 3-phase transformer,0.0300000000
10191,41.3000000000,90.5000000000,2 - Combined,1 - Common neutral of a 3-phase transformer,0.0300000000
10192,41.1000000000,95.7000000000,2 - Combined,1 - Common neutral of a 3-phase transformer,0.0300000000
10193,41.6000000000,71.4000000000,2 - Combined,1 - Common neutral of a 3-phase transformer,0.0300000000
10194,42.6000000000,73.9000000000,2 - Combined,1 - Common neutral of a 3-phase transformer,0.0300000000
10195,39.7000000000,74.9000000000,2 - Combined,2 - Common neutral of three (3) single-phase transformers,0.0300000000
10196,33.3000000000,111.9000000000,2 - Combined,2 - Common neutral of three (3) single-phase transformers,0.0300000000
10197,36.4000000000,82.2000000000,2 - Combined,2 - Common neutral of three (3) single-phase transformers,0.0300000000
10199,35.0000000000,84.9000000000,2 - Combined,2 - Common neutral of three (3) single-phase transformers,0.0300000000
10200,34.1000000000,86.7000000000,2 - Combined,2 - Common neutral of three (3) single-phase transformers,0.0300000000
10202,34.9000000000,90.0000000000,2 - Combined,2 - Common neutral of three (3) single-phase transformers,0.0300000000
10203,35.0000000000,85.3000000000,2 - Combined,2 - Common neutral of three (3) single-phase transformers,0.0300000000
10204,35.3000000000,89.8000000000,2 - Combined,5 - N/A,0.0300000000
10205,36.2000000000,88.8000000000,2 - Combined,2 - Common neutral of three (3) single-phase transformers,0.0300000000
10207,36.0000000000,84.1000000000,2 - Combined,5 - N/A,0.0300000000
10208,35.8000000000,86.5000000000,2 - Combined,2 - Common neutral of three (3) single-phase transformers,0.0300000000
10209,34.8000000000,85.7000000000,2 - Combined,2 - Common neutral of three (3) single-phase transformers,0.0300000000
10210,34.7000000000,86.5000000000,2 - Combined,2 - Common neutral of three (3) single-phase transformers,0.0300000000
10211,34.3000000000,88.8000000000,2 - Combined,2 - Common neutral of three (3) single-phase transformers,0.0100000000
10212,36.0000000000,86.6000000000,2 - Combined,5 - N/A,0.0300000000
10219,36.1000000000,81.0000000000,2 - Combined,2 - Common neutral of three (3) single-phase transformers,0.0300000000
10220,39.4000000000,87.4000000000,2 - Combined,1 - Common neutral of a 3-phase transformer,0.0300000000
10226,28.2000000000,82.1000000000,2 - Combined,1 - Common neutral of a 3-phase transformer,0.0100000000
10252,36.4000000000,79.0000000000,2 - Combined,5 - N/A,0.0300000000
10325,29.8000000000,95.2000000000,2 - Combined,1 - Common neutral of a 3-phase transformer,0.0100000000
10373,42.6000000000,73.9000000000,1 - Separate,1 - Common neutral of a 3-phase transformer,0.1000000000
